id,nationality,birth_date,age
4,American,1922/9/9,82
9,American,1943/12/23,82
27,American,1926/1/31,86
42,American,1937/7/13,82
47,American,1927/4/26,88
48,American,1931/2/3,83
62,American,1929/2/3,89
65,Slovenian,1984/2/21,41
66,American,1919/3/23,92
71,American,1944/8/8,81
80,American,1933/1/20,91
86,American,1930/1/14,85
90,American,1945/11/18,80
94,American,1936/3/13,79
